{
  "phase": "P5",
  "passed": true,
  "run_id": null,
  "written_at": "20260704T073845Z",
  "capability": {
    "criterion": "Two-level (jumpy option-model) planning beats flat planning on a long-horizon task at EQUAL compute.",
    "passed": true,
    "metrics": {
      "jumpy_landing_mse_s0": 0.4160785787409117,
      "flat_rollout_mse_s0": 1.1112472627094196,
      "hierarchical_return_s0": -9.105672595070043,
      "matched_flat_return_s0": -48.543219195568476,
      "reference_flat_return_s0": -36.58130210593564,
      "hier_cost_per_step_s0": 728.75,
      "matched_flat_cost_per_step_s0": 725.0,
      "voe_terminations_s0": 88.0,
      "option_usage_entropy_s0": 0.7997901404618238,
      "option_mean_duration_s0": 2.5906735751295336,
      "option_min_dprime_s0": 2.394330392934141,
      "jumpy_landing_mse_s1": 0.40672999924373504,
      "flat_rollout_mse_s1": 1.1935877312256213,
      "hierarchical_return_s1": -4.186536419472572,
      "matched_flat_return_s1": -34.94321939558855,
      "reference_flat_return_s1": -47.34398503161426,
      "hier_cost_per_step_s1": 717.5,
      "matched_flat_cost_per_step_s1": 725.0,
      "voe_terminations_s1": 116.0,
      "option_usage_entropy_s1": 0.809352870225895,
      "option_mean_duration_s1": 2.6315789473684212,
      "option_min_dprime_s1": 0.6609691628737714,
      "jumpy_landing_mse_s2": 0.41479046213582893,
      "flat_rollout_mse_s2": 1.8485607399714885,
      "hierarchical_return_s2": -4.65620787953633,
      "matched_flat_return_s2": -13.969035811170704,
      "reference_flat_return_s2": -19.823292646891325,
      "hier_cost_per_step_s2": 642.5,
      "matched_flat_cost_per_step_s2": 650.0,
      "voe_terminations_s2": 0.0,
      "option_usage_entropy_s2": 0.8498910792237734,
      "option_mean_duration_s2": 2.9411764705882355,
      "option_min_dprime_s2": 2.8399653188872,
      "jumpy_landing_mse_median": 0.41479046213582893,
      "flat_rollout_mse_median": 1.1935877312256213,
      "jumpy_beats_flat": 1.0,
      "jumpy_data_cost_env_steps": 2304.0,
      "two_level_beats_matched_flat": 1.0
    },
    "seeds": [
      0,
      1,
      2
    ],
    "detail": "two-level return per seed [-9.1, -4.2, -4.7] vs compute-matched flat [-48.5, -34.9, -14.0] (~729 member-forwards/step) \u2014 WINS on every seed; jumpy landing MSE beats composed flat rollout on every seed: YES"
  },
  "sentinels": [
    {
      "name": "representation-integrity",
      "criterion": "Latent per-dimension std stays above a floor AND effective rank (participation ratio of the latent covariance) stays above a threshold on held-out data throughout training \u2014 not only at the capability checkpoint.",
      "healthy": true,
      "metrics": {
        "min_latent_std": 0.8674177855282365,
        "min_effective_rank": 2.024951144921557
      },
      "detail": "across 39 held-out probes (warm-up 300 steps): min per-dim std 0.867 (floor 0.3), min effective rank 2.02 (floor 2.0)"
    },
    {
      "name": "uncertainty-reliability",
      "criterion": "Predicted epistemic uncertainty is rank-correlated with held-out prediction error above a threshold, and ensemble-member disagreement does not decay to ~0 in regions where error is high.",
      "healthy": true,
      "metrics": {
        "min_final_rank_corr": 0.6981079088989597,
        "min_high_error_disagreement_ratio": 29.414564567255614
      },
      "detail": "worst seed at end of training: disagreement-vs-error rank corr 0.70 (min 0.3), high-error-decile disagreement 29.41x median (min 1.0) on a mixed in-dist + OOD probe set"
    },
    {
      "name": "replay-fidelity",
      "criterion": "Rehearsal keeps a fixed real-data fraction; dreamed-sample diversity (feature variance / coverage vs real) stays above a floor and does not shrink across regenerations; rehearsal lineage depth is capped (no dream-of-dreams).",
      "healthy": true,
      "metrics": {
        "min_real_fraction": 0.5,
        "min_dream_diversity": 0.613841506838667,
        "worst_diversity_shrink": 0.9436141205379408,
        "max_dream_depth": 3.0
      },
      "detail": "across 5 regenerations x 3 seed(s): real fraction min 0.50 (floor 0.3), dream diversity min 0.61 (floor 0.3), diversity shrink 0.94 (floor 0.5), lineage depth max 3 (cap 3), dreams stored: 0"
    },
    {
      "name": "option-diversity",
      "criterion": "Option-usage entropy stays above a floor (no single option dominates), mean option duration stays above one step, and pairwise option outcome-distributions remain distinguishable.",
      "healthy": true,
      "metrics": {
        "min_usage_entropy": 0.7997901404618238,
        "min_mean_duration": 2.5906735751295336,
        "min_pairwise_dprime": 0.6609691628737714
      },
      "detail": "worst seed over the two-level eval episodes: usage entropy 0.80 (floor 0.3), mean executed duration 2.59 steps (floor > 1.0), min pairwise landing d' 0.66 (floor 0.5)"
    }
  ]
}
