{
  "phase": "P9",
  "passed": true,
  "run_id": null,
  "written_at": "20260704T224314Z",
  "capability": {
    "criterion": "The fully-composed agent works end-to-end through the composition root: it controls better than a reactive baseline; within ONE run the single epistemic signal both sets the planner's explore/exploit coefficient AND gates retrieval; a leave-one-out ablation confirms the load-bearing component (planning) matters on every seed (each component's marginal control value is recorded \u2014 a harmful marginal is a reported finding); and all applicable collapse sentinels stay healthy.",
    "passed": true,
    "metrics": {
      "composed_return_s0": -19.356820980466324,
      "retrieval_off_return_s0": -8.14732614562847,
      "reactive_return_s0": -73.05239252428643,
      "no_penalty_return_s0": -22.496235760560943,
      "retrieval_rate_s0": 0.30999348958333334,
      "exploit_coefficient_s0": 1.0,
      "mastered_s0": 1.0,
      "marginal_planning_s0": 53.69557154382011,
      "marginal_retrieval_s0": -11.209494834837853,
      "marginal_exploit_penalty_s0": 3.1394147800946186,
      "composed_return_s1": -45.476084043410054,
      "retrieval_off_return_s1": -53.16908537672728,
      "reactive_return_s1": -80.52806656779556,
      "no_penalty_return_s1": -47.9614863403236,
      "retrieval_rate_s1": 0.3365182291666667,
      "exploit_coefficient_s1": 1.0,
      "mastered_s1": 1.0,
      "marginal_planning_s1": 35.05198252438551,
      "marginal_retrieval_s1": 7.693001333317227,
      "marginal_exploit_penalty_s1": 2.4854022969135485,
      "composed_return_s2": -17.53615519489352,
      "retrieval_off_return_s2": -7.992677831895671,
      "reactive_return_s2": -72.84123582200417,
      "no_penalty_return_s2": -12.909355865288308,
      "retrieval_rate_s2": 0.28909244791666666,
      "exploit_coefficient_s2": 1.0,
      "mastered_s2": 1.0,
      "marginal_planning_s2": 55.30508062711064,
      "marginal_retrieval_s2": -9.54347736299785,
      "marginal_exploit_penalty_s2": -4.626799329605213,
      "composed_return_median": -19.356820980466324,
      "retrieval_off_return_median": -8.14732614562847,
      "reactive_return_median": -73.05239252428643,
      "retrieval_rate_median": 0.30999348958333334,
      "controls_met": 1.0,
      "one_signal_met": 1.0,
      "ablation_met": 1.0,
      "marginal_planning_median": 53.69557154382011,
      "marginal_retrieval_median": -9.54347736299785,
      "marginal_exploit_penalty_median": 2.4854022969135485
    },
    "seeds": [
      0,
      1,
      2
    ],
    "detail": "composed agent controls end-to-end: return -19.4 vs reactive -73.1 (beats every seed); one epistemic signal drives exploit-mode AND retrieval in one run (MET; retrieval rate 31%). ablation leave-one-out marginal control value: planning +53.7 (load-bearing), retrieval -9.5 (harmful), exploit_penalty +2.5 (negligible) [planning load-bearing every seed: MET]. FINDING: retrieval hurts control here (marginal -9.5) \u2014 helps 1-step prediction (P8) but corrupts multi-step planning"
  },
  "sentinels": [
    {
      "name": "representation-integrity",
      "criterion": "Latent per-dimension std stays above a floor AND effective rank (participation ratio of the latent covariance) stays above a threshold on held-out data throughout training \u2014 not only at the capability checkpoint.",
      "healthy": true,
      "metrics": {
        "min_latent_std": 0.8516131753250953,
        "min_effective_rank": 2.1568075804702813
      },
      "detail": "across 36 held-out probes (warm-up 300 steps): min per-dim std 0.852 (floor 0.3), min effective rank 2.16 (floor 2.0)"
    },
    {
      "name": "uncertainty-reliability",
      "criterion": "Predicted epistemic uncertainty is rank-correlated with held-out prediction error above a threshold, and ensemble-member disagreement does not decay to ~0 in regions where error is high.",
      "healthy": true,
      "metrics": {
        "min_final_rank_corr": 0.6312548458761058,
        "min_high_error_disagreement_ratio": 18.9263848138974
      },
      "detail": "worst seed at end of training: disagreement-vs-error rank corr 0.63 (min 0.3), high-error-decile disagreement 18.93x median (min 1.0) on a mixed in-dist + OOD probe set"
    },
    {
      "name": "replay-fidelity",
      "criterion": "Rehearsal keeps a fixed real-data fraction; dreamed-sample diversity (feature variance / coverage vs real) stays above a floor and does not shrink across regenerations; rehearsal lineage depth is capped (no dream-of-dreams).",
      "healthy": true,
      "metrics": {
        "min_real_fraction": 0.5,
        "min_dream_diversity": 0.9329517787020188,
        "worst_diversity_shrink": 0.929937938083157,
        "max_dream_depth": 3.0
      },
      "detail": "across 5 regenerations x 3 seed(s): real fraction min 0.50 (floor 0.3), dream diversity min 0.93 (floor 0.3), diversity shrink 0.93 (floor 0.5), lineage depth max 3 (cap 3), dreams stored: 0"
    },
    {
      "name": "option-diversity",
      "criterion": "Option-usage entropy stays above a floor (no single option dominates), mean option duration stays above one step, and pairwise option outcome-distributions remain distinguishable.",
      "healthy": true,
      "metrics": {
        "min_usage_entropy": 0.7717481459139731,
        "min_mean_duration": 2.9411764705882355,
        "min_pairwise_dprime": 0.7352103951324829
      },
      "detail": "worst seed over the two-level eval episodes: usage entropy 0.77 (floor 0.3), mean executed duration 2.94 steps (floor > 1.0), min pairwise landing d' 0.74 (floor 0.5)"
    }
  ]
}
