{
  "stamp": "2026-07-07 07:42 UTC",
  "versions": {
    "dm_control": "1.0.43",
    "mujoco": "3.10.0",
    "numpy": "2.4.6"
  },
  "budget_env_steps": 4096,
  "tasks": [
    {
      "domain": "cartpole",
      "task": "balance",
      "obs_dim": 5,
      "action_dim": 1,
      "seeds": [
        0,
        1,
        2,
        3,
        4
      ],
      "mbrl": [
        98.03786338290193,
        98.90682803556403,
        78.50198405155358,
        52.61730800838666,
        92.38673814637211
      ],
      "model_free": [
        99.68219827617388,
        99.73234808819215,
        99.46170754744627,
        98.42755072550877,
        99.3084440520484
      ],
      "random": [
        74.09178378569398,
        78.48819011355636,
        79.02895370163846,
        80.6992053742329,
        63.35465330085338
      ],
      "median": {
        "mbrl": 92.38673814637211,
        "model_free": 99.46170754744627,
        "random": 78.48819011355636
      },
      "mbrl_beats_baseline": false,
      "baseline_env_steps": 4000,
      "calib_epistemic_ratio": 0.11586073106479927
    },
    {
      "domain": "cartpole",
      "task": "swingup",
      "obs_dim": 5,
      "action_dim": 1,
      "seeds": [
        0,
        1,
        2,
        3,
        4
      ],
      "mbrl": [
        7.567561280714884,
        5.498681010132077,
        6.3747877434460465,
        6.801751800199507,
        1.349409854376752
      ],
      "model_free": [
        8.752054872372051,
        7.492286636021729,
        8.842763742546735,
        7.838145395063076,
        8.781037100968263
      ],
      "random": [
        0.3415962181470054,
        0.11329047024174604,
        0.2092944025514489,
        0.1225083799982566,
        0.47231371102289166
      ],
      "median": {
        "mbrl": 6.3747877434460465,
        "model_free": 8.752054872372051,
        "random": 0.2092944025514489
      },
      "mbrl_beats_baseline": false,
      "baseline_env_steps": 4000,
      "calib_epistemic_ratio": null
    }
  ],
  "reachability": [
    {
      "domain": "reacher",
      "task": "easy",
      "obs_dim": 6,
      "action_dim": 2,
      "seeds": [
        0
      ],
      "mbrl": [
        0.0
      ],
      "model_free": [
        0.0
      ],
      "random": [
        0.0
      ],
      "median": {
        "mbrl": 0.0,
        "model_free": 0.0,
        "random": 0.0
      },
      "mbrl_beats_baseline": false,
      "baseline_env_steps": 4000,
      "calib_epistemic_ratio": null
    },
    {
      "domain": "point_mass",
      "task": "easy",
      "obs_dim": 4,
      "action_dim": 2,
      "seeds": [
        0
      ],
      "mbrl": [
        4.8254777121440343e-209
      ],
      "model_free": [
        0.0
      ],
      "random": [
        5.64e-321
      ],
      "median": {
        "mbrl": 4.8254777121440343e-209,
        "model_free": 0.0,
        "random": 5.64e-321
      },
      "mbrl_beats_baseline": true,
      "baseline_env_steps": 4000,
      "calib_epistemic_ratio": null
    },
    {
      "domain": "finger",
      "task": "spin",
      "obs_dim": 9,
      "action_dim": 2,
      "seeds": [
        0
      ],
      "mbrl": [
        0.0
      ],
      "model_free": [
        1.0
      ],
      "random": [
        0.0
      ],
      "median": {
        "mbrl": 0.0,
        "model_free": 1.0,
        "random": 0.0
      },
      "mbrl_beats_baseline": false,
      "baseline_env_steps": 4000,
      "calib_epistemic_ratio": null
    }
  ],
  "curiosity": {
    "task": "swingup",
    "seeds": [
      0,
      1,
      2
    ],
    "mbrl_random": [
      7.567561280714884,
      5.498681010132077,
      6.3747877434460465
    ],
    "mbrl_curious": [
      2.145487555847119,
      0.8157047629063069,
      4.797094159570741
    ],
    "cov_random": [
      0.3054584698615067,
      0.23697751168539474,
      0.1401146024299717
    ],
    "cov_curious": [
      0.7973669755295878,
      0.7020374224352909,
      0.5367512863846072
    ],
    "goalfrac_random": [
      0.0,
      0.0,
      0.0
    ],
    "goalfrac_curious": [
      0.01904296875,
      0.002197265625,
      0.0029296875
    ]
  },
  "imitation": {
    "demo_return": 115.93758917668106,
    "from_scratch": [
      7.567561280714884,
      5.498681010132077,
      6.3747877434460465
    ],
    "oracle": [
      83.57671460941476,
      47.68205374922206,
      76.35535649430862
    ],
    "inverse_dyn": [
      45.27523028033073,
      51.08027241843902,
      39.772401055852804
    ],
    "latent_action": [
      67.14411117097194,
      14.012186524542733,
      10.248092981851295
    ],
    "shuffled": [
      0.10930768059320813,
      0.06444483968758197,
      0.09584259844890897
    ],
    "recovery_r2": {
      "inverse_dyn": 0.6190890379424348,
      "latent_action": 0.6480335329348879
    }
  }
}