{
  "stamp": "2026-07-07 00:05 UTC",
  "versions": {
    "dm_control": "1.0.43",
    "mujoco": "3.10.0",
    "numpy": "2.4.6"
  },
  "budget_env_steps": 4096,
  "tasks": [
    {
      "domain": "cartpole",
      "task": "balance",
      "obs_dim": 5,
      "action_dim": 1,
      "seeds": [
        0,
        1,
        2,
        3,
        4
      ],
      "mbrl": [
        98.03786338290193,
        98.90682803556403,
        78.50198405155358,
        52.61730800838666,
        92.38673814637211
      ],
      "model_free": [
        99.68219827617388,
        99.73234808819215,
        99.46170754744627,
        98.42755072550877,
        99.3084440520484
      ],
      "random": [
        74.09178378569398,
        78.48819011355636,
        79.02895370163846,
        80.6992053742329,
        63.35465330085338
      ],
      "median": {
        "mbrl": 92.38673814637211,
        "model_free": 99.46170754744627,
        "random": 78.48819011355636
      },
      "mbrl_beats_baseline": false,
      "baseline_env_steps": 4000,
      "calib_epistemic_ratio": 0.11586073106479927
    },
    {
      "domain": "cartpole",
      "task": "swingup",
      "obs_dim": 5,
      "action_dim": 1,
      "seeds": [
        0,
        1,
        2,
        3,
        4
      ],
      "mbrl": [
        7.567561280714884,
        5.498681010132077,
        6.3747877434460465,
        6.801751800199507,
        1.349409854376752
      ],
      "model_free": [
        8.752054872372051,
        7.492286636021729,
        8.842763742546735,
        7.838145395063076,
        8.781037100968263
      ],
      "random": [
        0.3415962181470054,
        0.11329047024174604,
        0.2092944025514489,
        0.1225083799982566,
        0.47231371102289166
      ],
      "median": {
        "mbrl": 6.3747877434460465,
        "model_free": 8.752054872372051,
        "random": 0.2092944025514489
      },
      "mbrl_beats_baseline": false,
      "baseline_env_steps": 4000,
      "calib_epistemic_ratio": null
    }
  ],
  "reachability": [
    {
      "domain": "reacher",
      "task": "easy",
      "obs_dim": 6,
      "action_dim": 2,
      "seeds": [
        0
      ],
      "mbrl": [
        0.0
      ],
      "model_free": [
        0.0
      ],
      "random": [
        0.0
      ],
      "median": {
        "mbrl": 0.0,
        "model_free": 0.0,
        "random": 0.0
      },
      "mbrl_beats_baseline": false,
      "baseline_env_steps": 4000,
      "calib_epistemic_ratio": null
    },
    {
      "domain": "point_mass",
      "task": "easy",
      "obs_dim": 4,
      "action_dim": 2,
      "seeds": [
        0
      ],
      "mbrl": [
        4.8254777121440343e-209
      ],
      "model_free": [
        0.0
      ],
      "random": [
        5.64e-321
      ],
      "median": {
        "mbrl": 4.8254777121440343e-209,
        "model_free": 0.0,
        "random": 5.64e-321
      },
      "mbrl_beats_baseline": true,
      "baseline_env_steps": 4000,
      "calib_epistemic_ratio": null
    },
    {
      "domain": "finger",
      "task": "spin",
      "obs_dim": 9,
      "action_dim": 2,
      "seeds": [
        0
      ],
      "mbrl": [
        0.0
      ],
      "model_free": [
        1.0
      ],
      "random": [
        0.0
      ],
      "median": {
        "mbrl": 0.0,
        "model_free": 1.0,
        "random": 0.0
      },
      "mbrl_beats_baseline": false,
      "baseline_env_steps": 4000,
      "calib_epistemic_ratio": null
    }
  ]
}